identifier,price,timestamp
altex-LG-F2WR508SBW,2399,1704118783120
altex-LG-F2WR508SBM,2499,1704118788962
altex-LG-F2WR508SBW,2399,1704127827506
altex-LG-F2WR508SBM,2499,1704127829692
altex-LG-F2WR508SBW,2399,1704141511113
altex-LG-F2WR508SBM,2499,1704141513843
altex-LG-F2WR508SBW,2399,1704170310443
altex-LG-F2WR508SBM,2499,1704170314449
altex-LG-F2WR508SBW,2399,1704184727155
altex-LG-F2WR508SBM,2499,1704184729326
altex-LG-F2WR508SBW,2399,1704199863102
altex-LG-F2WR508SBM,2499,1704199865322
altex-LG-F2WR508SBW,2399,1704213619771
altex-LG-F2WR508SBM,2499,1704213622256
altex-LG-F2WR508SBW,2399,1704227898768
altex-LG-F2WR508SBM,2499,1704227900658
altex-LG-F2WR508SBW,2399,1704256716117
altex-LG-F2WR508SBM,2499,1704256718899
altex-LG-F2WR508SBW,2399,1704271122293
altex-LG-F2WR508SBM,2499,1704271128884
altex-LG-F2WR508SBW,2399,1704286277586
altex-LG-F2WR508SBM,2499,1704286283117
altex-LG-F2WR508SBW,2399,1704300043241
altex-LG-F2WR508SBM,2499,1704300045208
altex-LG-F2WR508SBW,2399,1704314280683
altex-LG-F2WR508SBM,2499,1704314286983
altex-LG-F2WR508SBW,2399,1704343119812
altex-LG-F2WR508SBM,2499,1704343121542
altex-LG-F2WR508SBW,2399,1704357538138
altex-LG-F2WR508SBM,2499,1704357540324
altex-LG-F2WR508SBW,2399,1704372652731
altex-LG-F2WR508SBM,2499,1704372655486
altex-LG-F2WR508SBW,2399,1704386537749
altex-LG-F2WR508SBM,2499,1704386541258
altex-LG-F2WR508SBW,2399,1704400718275
altex-LG-F2WR508SBM,2499,1704400732907
altex-LG-F2WR508SBW,2149,1704429556766
altex-LG-F2WR508SBM,2249,1704429563663
altex-LG-F2WR508SBW,2149,1704443944164
altex-LG-F2WR508SBM,2249,1704443945962
altex-LG-F2WR508SBW,2149,1704459063766
altex-LG-F2WR508SBM,2249,1704459068085
altex-LG-F2WR508SBW,2149,1704472899102
altex-LG-F2WR508SBM,2249,1704472902227
altex-LG-F2WR508SBW,2149,1704487095955
altex-LG-F2WR508SBM,2249,1704487097735
altex-LG-F2WR508SBW,2149,1704515932350
altex-LG-F2WR508SBM,2249,1704515936525
altex-LG-F2WR508SBW,2149,1704530312123
altex-LG-F2WR508SBM,2249,1704530314732
altex-LG-F2WR508SBW,2149,1704545401468
altex-LG-F2WR508SBM,2249,1704545403543
altex-LG-F2WR508SBW,2149,1704559227295
altex-LG-F2WR508SBM,2249,1704559229065
altex-LG-F2WR508SBW,2149,1704573494351
altex-LG-F2WR508SBM,2249,1704573496785
altex-LG-F2WR508SBW,2149,1704602390103
altex-LG-F2WR508SBM,2249,1704602392534
altex-LG-F2WR508SBW,2149,1704616706495
altex-LG-F2WR508SBM,2249,1704616709614
altex-LG-F2WR508SBW,2149,1704631792075
altex-LG-F2WR508SBM,2249,1704631793700
altex-LG-F2WR508SBW,2149,1704645634372
altex-LG-F2WR508SBM,2249,1704645636478
altex-LG-F2WR508SBW,2149,1704659899270
altex-LG-F2WR508SBM,2249,1704659901355
altex-LG-F2WR508SBW,2149,1704688777631
altex-LG-F2WR508SBM,2249,1704688783729
altex-LG-F2WR508SBW,2149,1704703217253
altex-LG-F2WR508SBM,2249,1704703219967
altex-LG-F2WR508SBW,2149,1704718366869
altex-LG-F2WR508SBM,2249,1704718369745
altex-LG-F2WR508SBW,2149,1704732146551
altex-LG-F2WR508SBM,2249,1704732149697
altex-LG-F2WR508SBW,2149,1704746284831
altex-LG-F2WR508SBM,2249,1704746288208
altex-LG-F2WR508SBW,2149,1704775206955
altex-LG-F2WR508SBM,2249,1704775209078
altex-LG-F2WR508SBW,2149,1704789586822
altex-LG-F2WR508SBM,2249,1704789590243
altex-LG-F2WR508SBW,2149,1704804920261
altex-LG-F2WR508SBM,2249,1704804922712
altex-LG-F2WR508SBW,2149,1704818567159
altex-LG-F2WR508SBM,2249,1704818570251
altex-LG-F2WR508SBW,2149,1704832699946
altex-LG-F2WR508SBM,2249,1704832702823
altex-LG-F2WR508SBW,2149,1704861595552
altex-LG-F2WR508SBM,2249,1704861598724
altex-LG-F2WR508SBW,2149,1704875999104
altex-LG-F2WR508SBM,2249,1704876000740
altex-LG-F2WR508SBW,2149,1704891160144
altex-LG-F2WR508SBM,2249,1704891162936
altex-LG-F2WR508SBW,2149,1704904903034
altex-LG-F2WR508SBM,2249,1704904905031
altex-LG-F2WR508SBW,2149,1704919101531
altex-LG-F2WR508SBM,2249,1704919104836
altex-LG-F2WR508SBW,2149,1704947972379
altex-LG-F2WR508SBM,2249,1704947975522
altex-LG-F2WR508SBW,2149,1704962384298
altex-LG-F2WR508SBM,2249,1704962386067
altex-LG-F2WR508SBW,2149,1704977580459
altex-LG-F2WR508SBM,2249,1704977587405
altex-LG-F2WR508SBW,2149,1704991358519
altex-LG-F2WR508SBM,2249,1704991360378
altex-LG-F2WR508SBW,2149,1705005504248
altex-LG-F2WR508SBM,2249,1705005506182
altex-LG-F2WR508SBW,2149,1705034363677
altex-LG-F2WR508SBM,2249,1705034365559
altex-LG-F2WR508SBW,2149,1705048786659
altex-LG-F2WR508SBM,2249,1705048789741
altex-LG-F2WR508SBW,2149,1705063913679
altex-LG-F2WR508SBM,2249,1705063917698
altex-LG-F2WR508SBW,2149,1705077720606
altex-LG-F2WR508SBM,2249,1705077722739
altex-LG-F2WR508SBW,2149,1705091911469
altex-LG-F2WR508SBM,2249,1705091913872
altex-LG-F2WR508SBW,1999,1705120723059
altex-LG-F2WR508SBM,2099,1705120725610
altex-LG-F2WR508SBW,1999,1705135100330
altex-LG-F2WR508SBM,2099,1705135103085
altex-LG-F2WR508SBW,1999,1705150187861
altex-LG-F2WR508SBM,2099,1705150190343
altex-LG-F2WR508SBW,1999,1705164031487
altex-LG-F2WR508SBM,2099,1705164033008
altex-LG-F2WR508SBW,1999,1705178289255
altex-LG-F2WR508SBM,2099,1705178293497
altex-LG-F2WR508SBW,1999,1705207184694
altex-LG-F2WR508SBM,2099,1705207187148
altex-LG-F2WR508SBW,1999,1705221495236
altex-LG-F2WR508SBM,2099,1705221500472
altex-LG-F2WR508SBW,1999,1705236577079
altex-LG-F2WR508SBM,2099,1705236580177
altex-LG-F2WR508SBW,1999,1705250399939
altex-LG-F2WR508SBM,2099,1705250402489
altex-LG-F2WR508SBW,1999,1705264695210
altex-LG-F2WR508SBM,2099,1705264698968
altex-LG-F2WR508SBW,1999,1705293598992
altex-LG-F2WR508SBM,2099,1705293601455
altex-LG-F2WR508SBW,1999,1705308018623
altex-LG-F2WR508SBM,2099,1705308020748
altex-LG-F2WR508SBW,1999,1705323225576
altex-LG-F2WR508SBM,2099,1705323228113
altex-LG-F2WR508SBW,1999,1705336969061
altex-LG-F2WR508SBM,2099,1705336970781
altex-LG-F2WR508SBW,1999,1705351095524
altex-LG-F2WR508SBM,2099,1705351099196
altex-LG-F2WR508SBW,1999,1705379959127
altex-LG-F2WR508SBM,2099,1705379961563
altex-LG-F2WR508SBW,1999,1705394426501
altex-LG-F2WR508SBM,2099,1705394429232
altex-LG-F2WR508SBW,1999,1705409587348
altex-LG-F2WR508SBM,2099,1705409589867
altex-LG-F2WR508SBW,1999,1705423384854
altex-LG-F2WR508SBM,2099,1705423410560
altex-LG-F2WR508SBW,1999,1705437498500
altex-LG-F2WR508SBM,2099,1705437500889
altex-LG-F2WR508SBW,1999,1705466367487
altex-LG-F2WR508SBM,2099,1705466370155
altex-LG-F2WR508SBW,1999,1705480828153
altex-LG-F2WR508SBM,2099,1705480830228
altex-LG-F2WR508SBW,1999,1705496003063
altex-LG-F2WR508SBM,2099,1705496006722
altex-LG-F2WR508SBW,1999,1705509758078
altex-LG-F2WR508SBM,2099,1705509760630
altex-LG-F2WR508SBW,1999,1705523898330
altex-LG-F2WR508SBM,2099,1705523900121
altex-LG-F2WR508SBW,1999,1705552748866
altex-LG-F2WR508SBM,2099,1705552758183
altex-LG-F2WR508SBW,1999,1705567166282
altex-LG-F2WR508SBM,2099,1705567171898
altex-LG-F2WR508SBW,1999,1705582357606
altex-LG-F2WR508SBM,2099,1705582360094
altex-LG-F2WR508SBW,1999,1705596100999
altex-LG-F2WR508SBM,2099,1705596103057
altex-LG-F2WR508SBW,1999,1705610334978
altex-LG-F2WR508SBM,2099,1705610340995
altex-LG-F2WR508SBW,1999,1705639176710
altex-LG-F2WR508SBM,2099,1705639183301
altex-LG-F2WR508SBW,1999,1705653588296
altex-LG-F2WR508SBM,2099,1705653590831
altex-LG-F2WR508SBW,1999,1705668766466
altex-LG-F2WR508SBM,2099,1705668768873
altex-LG-F2WR508SBW,1999,1705682571947
altex-LG-F2WR508SBM,2099,1705682575647
altex-LG-F2WR508SBW,1999,1705696694448
altex-LG-F2WR508SBM,2099,1705696697609
altex-LG-F2WR508SBW,1999,1705725570712
altex-LG-F2WR508SBM,2099,1705725573800
altex-LG-F2WR508SBW,1999,1705739889076
altex-LG-F2WR508SBM,2099,1705739891033
altex-LG-F2WR508SBW,1999,1705755002265
altex-LG-F2WR508SBM,2099,1705755005173
altex-LG-F2WR508SBW,1999,1705768890464
altex-LG-F2WR508SBM,2099,1705768896241
altex-LG-F2WR508SBW,1999,1705783120466
altex-LG-F2WR508SBM,2099,1705783123653
altex-LG-F2WR508SBW,1999,1705811910615
altex-LG-F2WR508SBM,2099,1705811914412
altex-LG-F2WR508SBW,1999,1705826306063
altex-LG-F2WR508SBM,2099,1705826310549
altex-LG-F2WR508SBW,1999,1705841395968
altex-LG-F2WR508SBM,2099,1705841397283
altex-LG-F2WR508SBW,1999,1705855239328
altex-LG-F2WR508SBM,2099,1705855243608
altex-LG-F2WR508SBW,1999,1705869506422
altex-LG-F2WR508SBM,2099,1705869508857
altex-LG-F2WR508SBW,1999,1705898441964
altex-LG-F2WR508SBM,2099,1705898447307
altex-LG-F2WR508SBW,1999,1705912868164
altex-LG-F2WR508SBM,2099,1705912874057
altex-LG-F2WR508SBW,1999,1705928062563
altex-LG-F2WR508SBM,2099,1705928066339
altex-LG-F2WR508SBW,1999,1705941738702
altex-LG-F2WR508SBM,2099,1705941747334
altex-LG-F2WR508SBW,1999,1705955906447
altex-LG-F2WR508SBM,2099,1705955908272
altex-LG-F2WR508SBW,1999,1705984786585
altex-LG-F2WR508SBM,2099,1705984791802
altex-LG-F2WR508SBW,1999,1705999251731
altex-LG-F2WR508SBM,2099,1705999254089
altex-LG-F2WR508SBW,1999,1706014435627
altex-LG-F2WR508SBM,2099,1706014438549
altex-LG-F2WR508SBW,1999,1706028210489
altex-LG-F2WR508SBM,2099,1706028220523
altex-LG-F2WR508SBW,1999,1706042299028
altex-LG-F2WR508SBM,2099,1706042301035
altex-LG-F2WR508SBW,1999,1706071205293
altex-LG-F2WR508SBM,2099,1706071209409
altex-LG-F2WR508SBW,1999,1706085634635
altex-LG-F2WR508SBM,2099,1706085638832
altex-LG-F2WR508SBW,1999,1706100826361
altex-LG-F2WR508SBM,2099,1706100830568
altex-LG-F2WR508SBW,1999,1706114572393
altex-LG-F2WR508SBM,2099,1706114575322
altex-LG-F2WR508SBW,1999,1706128711192
altex-LG-F2WR508SBM,2099,1706128714322
altex-LG-F2WR508SBW,1999,1706157631214
altex-LG-F2WR508SBM,2099,1706157634639
altex-LG-F2WR508SBW,1999,1706172003118
altex-LG-F2WR508SBM,2099,1706172004909
altex-LG-F2WR508SBW,1999,1706187226605
altex-LG-F2WR508SBM,2099,1706187228754
altex-LG-F2WR508SBW,1999,1706201031744
altex-LG-F2WR508SBM,2099,1706201033853
altex-LG-F2WR508SBW,1999,1706215099168
altex-LG-F2WR508SBM,2099,1706215105116
altex-LG-F2WR508SBW,1999,1706243941128
altex-LG-F2WR508SBM,2099,1706243945165
altex-LG-F2WR508SBW,1999,1706258387590
altex-LG-F2WR508SBM,2099,1706258389849
altex-LG-F2WR508SBW,1999,1706273319133
altex-LG-F2WR508SBM,2099,1706273320623
altex-LG-F2WR508SBW,1999,1706287138251
altex-LG-F2WR508SBM,2099,1706287140041
altex-LG-F2WR508SBW,1999,1706301547450
altex-LG-F2WR508SBM,2099,1706301550349
altex-LG-F2WR508SBW,1999,1706330293556
altex-LG-F2WR508SBM,2099,1706330298607
altex-LG-F2WR508SBW,1999,1706344735790
altex-LG-F2WR508SBM,2099,1706344738377
altex-LG-F2WR508SBW,1999,1706359521900
altex-LG-F2WR508SBM,2099,1706359524262
altex-LG-F2WR508SBW,1999,1706373497171
altex-LG-F2WR508SBM,2099,1706373501412
altex-LG-F2WR508SBW,1999,1706387876506
altex-LG-F2WR508SBM,2099,1706387879293
altex-LG-F2WR508SBW,1999,1706416708540
altex-LG-F2WR508SBM,2099,1706416713438
altex-LG-F2WR508SBW,1999,1706431109027
altex-LG-F2WR508SBM,2099,1706431111540
altex-LG-F2WR508SBW,1999,1706445959954
altex-LG-F2WR508SBM,2099,1706445964387
altex-LG-F2WR508SBW,1999,1706459904286
altex-LG-F2WR508SBM,2099,1706459907659
altex-LG-F2WR508SBW,1999,1706474305881
altex-LG-F2WR508SBM,2099,1706474308771
altex-LG-F2WR508SBW,1999,1706503104081
altex-LG-F2WR508SBM,2099,1706503109475
altex-LG-F2WR508SBW,1999,1706517543910
altex-LG-F2WR508SBM,2099,1706517547384
altex-LG-F2WR508SBW,1999,1706532489014
altex-LG-F2WR508SBM,2099,1706532491044
altex-LG-F2WR508SBW,1999,1706546324689
altex-LG-F2WR508SBM,2099,1706546332523
altex-LG-F2WR508SBW,1999,1706560715870
altex-LG-F2WR508SBM,2099,1706560720247
altex-LG-F2WR508SBW,1999,1706589479564
altex-LG-F2WR508SBM,2099,1706589486372
altex-LG-F2WR508SBW,1999,1706603895215
altex-LG-F2WR508SBM,2099,1706603897619
altex-LG-F2WR508SBW,1999,1706618869551
altex-LG-F2WR508SBM,2099,1706618871903
altex-LG-F2WR508SBW,1999,1706632902037
altex-LG-F2WR508SBM,2099,1706632904328
altex-LG-F2WR508SBW,1999,1706647087268
altex-LG-F2WR508SBM,2099,1706647089365
altex-LG-F2WR508SBW,1999,1706675883460
altex-LG-F2WR508SBM,2099,1706675888240
altex-LG-F2WR508SBW,1999,1706690301368
altex-LG-F2WR508SBM,2099,1706690303868
altex-LG-F2WR508SBW,1999,1706705294786
altex-LG-F2WR508SBM,2099,1706705299638
altex-LG-F2WR508SBW,1999,1706719101776
altex-LG-F2WR508SBM,2099,1706719104724
altex-LG-F2WR508SBW,1999,1706733489303
altex-LG-F2WR508SBM,2099,1706733493794
altex-LG-F2WR508SBW,2149,1706762291343
altex-LG-F2WR508SBM,2249,1706762295051
altex-LG-F2WR508SBW,2149,1706776706597
altex-LG-F2WR508SBM,2249,1706776708697
altex-LG-F2WR508SBW,2149,1706791701979
altex-LG-F2WR508SBM,2249,1706791703425
altex-LG-F2WR508SBW,2149,1706805490464
altex-LG-F2WR508SBM,2249,1706805492535
altex-LG-F2WR508SBW,2149,1706819885762
altex-LG-F2WR508SBM,2249,1706819887424
altex-LG-F2WR508SBW,2149,1706848722576
altex-LG-F2WR508SBM,2249,1706848724190
altex-LG-F2WR508SBW,2149,1706863095926
altex-LG-F2WR508SBM,2249,1706863098308
altex-LG-F2WR508SBW,2149,1706878066818
altex-LG-F2WR508SBM,2249,1706878070993
altex-LG-F2WR508SBW,2149,1706891879798
altex-LG-F2WR508SBM,2249,1706891881317
altex-LG-F2WR508SBW,2149,1706906298018
altex-LG-F2WR508SBM,2249,1706906301753
altex-LG-F2WR508SBW,2149,1706935102623
altex-LG-F2WR508SBM,2249,1706935106032
altex-LG-F2WR508SBW,2149,1706949510224
altex-LG-F2WR508SBM,2249,1706949512168
altex-LG-F2WR508SBW,2149,1706964351259
altex-LG-F2WR508SBM,2249,1706964354749
altex-LG-F2WR508SBW,2149,1706978295227
altex-LG-F2WR508SBM,2249,1706978300019
altex-LG-F2WR508SBW,2149,1706992745807
altex-LG-F2WR508SBM,2249,1706992747898
altex-LG-F2WR508SBW,2149,1707021573691
altex-LG-F2WR508SBM,2249,1707021576026
altex-LG-F2WR508SBW,2149,1707035922201
altex-LG-F2WR508SBM,2249,1707035930596
altex-LG-F2WR508SBW,2149,1707050744450
altex-LG-F2WR508SBM,2249,1707050747717
altex-LG-F2WR508SBW,2149,1707064685303
altex-LG-F2WR508SBM,2249,1707064689828
altex-LG-F2WR508SBW,2149,1707079087547
altex-LG-F2WR508SBM,2249,1707079089324
altex-LG-F2WR508SBW,2149,1707107895942
altex-LG-F2WR508SBM,2249,1707107900749
altex-LG-F2WR508SBW,2149,1707122350059
altex-LG-F2WR508SBM,2249,1707122353519
altex-LG-F2WR508SBW,2149,1707137330307
altex-LG-F2WR508SBM,2249,1707137334253
altex-LG-F2WR508SBW,2149,1707151128209
altex-LG-F2WR508SBM,2249,1707151130614
altex-LG-F2WR508SBW,2149,1707165489581
altex-LG-F2WR508SBM,2249,1707165492034
altex-LG-F2WR508SBW,2149,1707194291545
altex-LG-F2WR508SBM,2249,1707194296779
altex-LG-F2WR508SBW,2149,1707208698415
altex-LG-F2WR508SBM,2249,1707208702537
altex-LG-F2WR508SBW,2149,1707223708839
altex-LG-F2WR508SBM,2249,1707223711642
altex-LG-F2WR508SBW,2149,1707237526024
altex-LG-F2WR508SBM,2249,1707237528451
altex-LG-F2WR508SBW,2149,1707251896813
altex-LG-F2WR508SBM,2249,1707251901079
altex-LG-F2WR508SBW,2149,1707280693305
altex-LG-F2WR508SBM,2249,1707280697921
altex-LG-F2WR508SBW,2149,1707295116020
altex-LG-F2WR508SBM,2249,1707295119800
altex-LG-F2WR508SBW,2149,1707310068747
altex-LG-F2WR508SBM,2249,1707310070823
altex-LG-F2WR508SBW,2149,1707323991682
altex-LG-F2WR508SBM,2249,1707323998962
altex-LG-F2WR508SBW,2149,1707338306018
altex-LG-F2WR508SBM,2249,1707338308890
altex-LG-F2WR508SBW,2149,1707367099074
altex-LG-F2WR508SBM,2249,1707367103050
altex-LG-F2WR508SBW,2149,1707381539213
altex-LG-F2WR508SBM,2249,1707381541669
altex-LG-F2WR508SBW,2149,1707396466656
altex-LG-F2WR508SBM,2249,1707396471172
altex-LG-F2WR508SBW,2149,1707410363179
altex-LG-F2WR508SBM,2249,1707410366797
altex-LG-F2WR508SBW,2149,1707424694259
altex-LG-F2WR508SBM,2249,1707424696494
altex-LG-F2WR508SBW,2149,1707453512810
altex-LG-F2WR508SBM,2249,1707453519257
altex-LG-F2WR508SBW,2149,1707467928970
altex-LG-F2WR508SBM,2249,1707467932948
altex-LG-F2WR508SBW,2149,1707482817744
altex-LG-F2WR508SBM,2249,1707482820432
altex-LG-F2WR508SBW,2149,1707496729630
altex-LG-F2WR508SBM,2249,1707496732568
altex-LG-F2WR508SBW,2149,1707511141788
altex-LG-F2WR508SBM,2249,1707511145099
altex-LG-F2WR508SBW,2149,1707539892700
altex-LG-F2WR508SBM,2249,1707539895016
altex-LG-F2WR508SBW,2149,1707554287459
altex-LG-F2WR508SBM,2249,1707554293229
altex-LG-F2WR508SBW,2149,1707569184888
altex-LG-F2WR508SBM,2249,1707569187679
altex-LG-F2WR508SBW,2149,1707583094439
altex-LG-F2WR508SBM,2249,1707583097696
altex-LG-F2WR508SBW,2149,1707597507810
altex-LG-F2WR508SBM,2249,1707597511574
altex-LG-F2WR508SBW,2149,1707626365693
altex-LG-F2WR508SBM,2249,1707626367380
altex-LG-F2WR508SBW,2149,1707640716395
altex-LG-F2WR508SBM,2249,1707640718830
altex-LG-F2WR508SBW,2149,1707655553841
altex-LG-F2WR508SBM,2249,1707655557798
altex-LG-F2WR508SBW,2149,1707669505747
altex-LG-F2WR508SBM,2249,1707669507616
altex-LG-F2WR508SBW,2149,1707683897109
altex-LG-F2WR508SBM,2249,1707683899933
altex-LG-F2WR508SBW,2149,1707712713441
altex-LG-F2WR508SBM,2249,1707712716304
altex-LG-F2WR508SBW,2149,1707727100705
altex-LG-F2WR508SBM,2249,1707727102736
altex-LG-F2WR508SBW,2149,1707742153341
altex-LG-F2WR508SBM,2249,1707742157600
altex-LG-F2WR508SBW,2149,1707755932617
altex-LG-F2WR508SBM,2249,1707755935113
altex-LG-F2WR508SBW,2149,1707770290665
altex-LG-F2WR508SBM,2249,1707770293754
altex-LG-F2WR508SBW,2149,1707799076825
altex-LG-F2WR508SBM,2249,1707799078270
altex-LG-F2WR508SBW,2149,1707813499257
altex-LG-F2WR508SBM,2249,1707813502236
altex-LG-F2WR508SBW,2149,1707828452368
altex-LG-F2WR508SBM,2249,1707828457299
altex-LG-F2WR508SBW,2149,1707842512791
altex-LG-F2WR508SBM,2249,1707842515374
altex-LG-F2WR508SBW,2149,1707856703666
altex-LG-F2WR508SBM,2249,1707856708478
altex-LG-F2WR508SBW,2149,1707885497804
altex-LG-F2WR508SBM,2249,1707885500423
altex-LG-F2WR508SBW,2149,1707899906483
altex-LG-F2WR508SBM,2249,1707899910484
altex-LG-F2WR508SBW,2149,1707914894170
altex-LG-F2WR508SBM,2249,1707914897154
altex-LG-F2WR508SBW,2149,1707928746795
altex-LG-F2WR508SBM,2249,1707928748414
altex-LG-F2WR508SBW,2149,1707943080625
altex-LG-F2WR508SBM,2249,1707943084627
altex-LG-F2WR508SBW,2149,1707986299912
altex-LG-F2WR508SBM,2249,1707986301358
altex-LG-F2WR508SBW,2149,1708001275140
altex-LG-F2WR508SBM,2249,1708001280979
altex-LG-F2WR508SBW,2149,1708015121148
altex-LG-F2WR508SBM,2249,1708015126627
altex-LG-F2WR508SBW,2149,1708029517281
altex-LG-F2WR508SBM,2249,1708029520547
altex-LG-F2WR508SBW,2149,1708058313957
altex-LG-F2WR508SBM,2249,1708058319844
altex-LG-F2WR508SBW,2149,1708072715121
altex-LG-F2WR508SBM,2249,1708072717466
altex-LG-F2WR508SBW,2149,1708087681656
altex-LG-F2WR508SBM,2249,1708087684025
altex-LG-F2WR508SBW,2149,1708101586371
altex-LG-F2WR508SBM,2249,1708101589484
altex-LG-F2WR508SBW,2149,1708115902835
altex-LG-F2WR508SBM,2249,1708115905413
altex-LG-F2WR508SBW,2149,1708144736352
altex-LG-F2WR508SBM,2249,1708144740067
altex-LG-F2WR508SBW,2149,1708159084376
altex-LG-F2WR508SBM,2249,1708159087054
altex-LG-F2WR508SBW,2149,1708173940003
altex-LG-F2WR508SBM,2249,1708173945231
altex-LG-F2WR508SBW,2149,1708187895337
altex-LG-F2WR508SBM,2249,1708187898533
altex-LG-F2WR508SBW,2149,1708202287403
altex-LG-F2WR508SBM,2249,1708202295378
altex-LG-F2WR508SBW,2149,1708231111530
altex-LG-F2WR508SBM,2249,1708231113450
altex-LG-F2WR508SBW,2149,1708245571429
altex-LG-F2WR508SBM,2249,1708245574048
altex-LG-F2WR508SBW,2149,1708260361658
altex-LG-F2WR508SBM,2249,1708260363650
altex-LG-F2WR508SBW,2149,1708274313300
altex-LG-F2WR508SBM,2249,1708274316780
altex-LG-F2WR508SBW,2149,1708288709191
altex-LG-F2WR508SBM,2249,1708288711603
altex-LG-F2WR508SBW,2149,1708317499041
altex-LG-F2WR508SBM,2249,1708317502191
altex-LG-F2WR508SBW,2149,1708331956522
altex-LG-F2WR508SBM,2249,1708331959053
altex-LG-F2WR508SBW,2149,1708346949166
altex-LG-F2WR508SBM,2249,1708346951787
altex-LG-F2WR508SBW,2149,1708360875820
altex-LG-F2WR508SBM,2249,1708360879746
altex-LG-F2WR508SBW,2149,1708375088516
altex-LG-F2WR508SBM,2249,1708375092769
altex-LG-F2WR508SBW,2149,1708403947011
altex-LG-F2WR508SBM,2249,1708403949331
altex-LG-F2WR508SBW,2149,1708418315007
altex-LG-F2WR508SBM,2249,1708418317346
altex-LG-F2WR508SBW,2149,1708433243094
altex-LG-F2WR508SBM,2249,1708433244671
altex-LG-F2WR508SBW,2149,1708447154011
altex-LG-F2WR508SBM,2249,1708447156594
altex-LG-F2WR508SBW,2149,1708461537365
altex-LG-F2WR508SBM,2249,1708461543836
altex-LG-F2WR508SBW,2149,1708490294632
altex-LG-F2WR508SBM,2249,1708490296992
altex-LG-F2WR508SBW,2149,1708504714588
altex-LG-F2WR508SBM,2249,1708504720064
altex-LG-F2WR508SBW,2149,1708519702599
altex-LG-F2WR508SBM,2249,1708519704634
altex-LG-F2WR508SBW,2149,1708533569229
altex-LG-F2WR508SBM,2249,1708533570782
altex-LG-F2WR508SBW,2149,1708547923867
altex-LG-F2WR508SBM,2249,1708547930258
altex-LG-F2WR508SBW,2149,1708576707710
altex-LG-F2WR508SBM,2249,1708576710459
altex-LG-F2WR508SBW,2149,1708591089453
altex-LG-F2WR508SBM,2249,1708591095018
altex-LG-F2WR508SBW,2149,1708606084905
altex-LG-F2WR508SBM,2249,1708606088049
altex-LG-F2WR508SBW,2149,1708619960688
altex-LG-F2WR508SBM,2249,1708619964582
altex-LG-F2WR508SBW,2149,1708634317189
altex-LG-F2WR508SBM,2249,1708634324460
altex-LG-F2WR508SBW,2149,1708663106350
altex-LG-F2WR508SBM,2249,1708663111070
altex-LG-F2WR508SBW,2149,1708677500462
altex-LG-F2WR508SBM,2249,1708677503188
altex-LG-F2WR508SBW,2149,1708692422340
altex-LG-F2WR508SBM,2249,1708692429677
altex-LG-F2WR508SBW,2149,1708706298736
altex-LG-F2WR508SBM,2249,1708706303157
altex-LG-F2WR508SBW,2149,1708720780086
altex-LG-F2WR508SBM,2249,1708720783027
altex-LG-F2WR508SBW,2149,1708749504109
altex-LG-F2WR508SBM,2249,1708749506936
altex-LG-F2WR508SBW,2149,1708763898830
altex-LG-F2WR508SBM,2249,1708763901711
altex-LG-F2WR508SBW,2149,1708778729408
altex-LG-F2WR508SBM,2249,1708778732171
altex-LG-F2WR508SBW,2149,1708792692747
altex-LG-F2WR508SBM,2249,1708792695145
altex-LG-F2WR508SBW,2149,1708807073735
altex-LG-F2WR508SBM,2249,1708807075717
altex-LG-F2WR508SBW,2149,1708835889612
altex-LG-F2WR508SBM,2249,1708835893297
altex-LG-F2WR508SBW,2149,1708850328950
altex-LG-F2WR508SBM,2249,1708850330441
altex-LG-F2WR508SBW,2149,1708865139812
altex-LG-F2WR508SBM,2249,1708865142252
altex-LG-F2WR508SBW,2149,1708879179812
altex-LG-F2WR508SBM,2249,1708879181910
altex-LG-F2WR508SBW,2149,1708893479895
altex-LG-F2WR508SBM,2249,1708893482328
altex-LG-F2WR508SBW,2149,1708922293589
altex-LG-F2WR508SBM,2249,1708922296218
altex-LG-F2WR508SBW,2149,1708936749018
altex-LG-F2WR508SBM,2249,1708936750692
altex-LG-F2WR508SBW,2149,1708951694547
altex-LG-F2WR508SBM,2249,1708951695745
altex-LG-F2WR508SBW,2149,1708965545549
altex-LG-F2WR508SBM,2249,1708965550729
altex-LG-F2WR508SBW,2149,1708979887355
altex-LG-F2WR508SBM,2249,1708979890875
altex-LG-F2WR508SBW,2149,1709008698311
altex-LG-F2WR508SBM,2249,1709008700583
altex-LG-F2WR508SBW,2149,1709023119780
altex-LG-F2WR508SBM,2249,1709023122515
altex-LG-F2WR508SBW,2149,1709038052413
altex-LG-F2WR508SBM,2249,1709038054172
altex-LG-F2WR508SBW,2149,1709051956787
altex-LG-F2WR508SBM,2249,1709051958607
altex-LG-F2WR508SBW,2149,1709066293496
altex-LG-F2WR508SBM,2249,1709066297319
altex-LG-F2WR508SBW,2149,1709095105167
altex-LG-F2WR508SBM,2249,1709095106902
altex-LG-F2WR508SBW,2149,1709109499798
altex-LG-F2WR508SBM,2249,1709109503720
altex-LG-F2WR508SBW,2149,1709124454128
altex-LG-F2WR508SBM,2249,1709124459305
altex-LG-F2WR508SBW,2149,1709138380800
altex-LG-F2WR508SBM,2249,1709138382718
altex-LG-F2WR508SBW,2149,1709152710188
altex-LG-F2WR508SBM,2249,1709152712404
altex-LG-F2WR508SBW,2149,1709181500687
altex-LG-F2WR508SBM,2249,1709181505680
altex-LG-F2WR508SBW,2149,1709195887327
altex-LG-F2WR508SBM,2249,1709195890925
altex-LG-F2WR508SBW,2149,1709210809195
altex-LG-F2WR508SBM,2249,1709210810873
altex-LG-F2WR508SBW,2149,1709224682101
altex-LG-F2WR508SBM,2249,1709224687471
altex-LG-F2WR508SBW,2149,1709239083624
altex-LG-F2WR508SBM,2249,1709239085820
altex-LG-F2WR508SBW,2149,1709267886050
altex-LG-F2WR508SBM,2249,1709267890257
altex-LG-F2WR508SBW,2149,1709282353205
altex-LG-F2WR508SBM,2249,1709282355067
altex-LG-F2WR508SBW,2149,1709297279162
altex-LG-F2WR508SBM,2249,1709297282237
altex-LG-F2WR508SBW,2149,1709311130080
altex-LG-F2WR508SBM,2249,1709311132149
altex-LG-F2WR508SBW,2149,1709325509667
altex-LG-F2WR508SBM,2249,1709325511485
altex-LG-F2WR508SBW,2149,1709354304055
altex-LG-F2WR508SBM,2249,1709354308106
altex-LG-F2WR508SBW,2149,1709368708057
altex-LG-F2WR508SBM,2249,1709368711743
altex-LG-F2WR508SBW,2149,1709383647640
altex-LG-F2WR508SBM,2249,1709383649824
altex-LG-F2WR508SBW,2149,1709397493611
altex-LG-F2WR508SBM,2249,1709397496394
altex-LG-F2WR508SBW,2149,1709411905785
altex-LG-F2WR508SBM,2249,1709411909337
altex-LG-F2WR508SBW,2149,1709440708807
altex-LG-F2WR508SBM,2249,1709440711302
altex-LG-F2WR508SBW,2149,1709455085935
altex-LG-F2WR508SBM,2249,1709455090954
altex-LG-F2WR508SBW,2149,1709469943440
altex-LG-F2WR508SBM,2249,1709469947536
altex-LG-F2WR508SBW,2149,1709483894484
altex-LG-F2WR508SBM,2249,1709483896857
altex-LG-F2WR508SBW,2149,1709498307669
altex-LG-F2WR508SBM,2249,1709498310676
altex-LG-F2WR508SBW,2149,1709528423526
altex-LG-F2WR508SBM,2249,1709528426556
altex-LG-F2WR508SBW,2149,1709548098087
altex-LG-F2WR508SBM,2249,1709548100497
altex-LG-F2WR508SBW,2149,1709556697544
altex-LG-F2WR508SBM,2249,1709556698764
altex-LG-F2WR508SBW,2149,1709570388908
altex-LG-F2WR508SBM,2249,1709570391412
altex-LG-F2WR508SBW,2149,1709584709875
altex-LG-F2WR508SBM,2249,1709584714610
altex-LG-F2WR508SBW,2149,1709613481096
altex-LG-F2WR508SBM,2249,1709613485134
altex-LG-F2WR508SBW,2149,1709627887025
altex-LG-F2WR508SBM,2249,1709627889537
altex-LG-F2WR508SBW,2149,1709642946737
altex-LG-F2WR508SBM,2249,1709642950229
altex-LG-F2WR508SBW,2149,1709656720350
altex-LG-F2WR508SBM,2249,1709656722881
altex-LG-F2WR508SBW,2149,1709671087645
altex-LG-F2WR508SBM,2249,1709671090563
altex-LG-F2WR508SBW,2149,1709699887726
altex-LG-F2WR508SBM,2249,1709699890445
altex-LG-F2WR508SBW,2149,1709714415351
altex-LG-F2WR508SBM,2249,1709714417489
altex-LG-F2WR508SBW,2149,1709729331630
altex-LG-F2WR508SBM,2249,1709729334137
altex-LG-F2WR508SBW,2149,1709743213764
altex-LG-F2WR508SBM,2249,1709743216484
altex-LG-F2WR508SBW,2149,1709757489768
altex-LG-F2WR508SBM,2249,1709757493616
altex-LG-F2WR508SBW,2149,1709786289267
altex-LG-F2WR508SBM,2249,1709786292534
altex-LG-F2WR508SBW,2149,1709800732398
altex-LG-F2WR508SBM,2249,1709800735638
altex-LG-F2WR508SBW,2149,1709815665013
altex-LG-F2WR508SBM,2099,1709815668265
altex-LG-F2WR508SBW,2149,1709829505364
altex-LG-F2WR508SBM,2099,1709829508549
altex-LG-F2WR508SBW,2149,1709843917283
altex-LG-F2WR508SBM,2099,1709843920273
altex-LG-F2WR508SBW,2149,1709872703421
altex-LG-F2WR508SBM,2099,1709872707065
altex-LG-F2WR508SBW,2149,1709887309834
altex-LG-F2WR508SBM,2099,1709887312609
altex-LG-F2WR508SBW,2149,1709902071775
altex-LG-F2WR508SBM,2099,1709902075141
altex-LG-F2WR508SBW,2149,1709915880299
altex-LG-F2WR508SBM,2099,1709915882311
altex-LG-F2WR508SBW,2149,1709930287760
altex-LG-F2WR508SBM,2099,1709930290052
altex-LG-F2WR508SBW,2149,1709959118003
altex-LG-F2WR508SBM,2099,1709959122517
altex-LG-F2WR508SBW,2149,1709973511768
altex-LG-F2WR508SBM,2099,1709973514139
altex-LG-F2WR508SBW,2149,1709988304272
altex-LG-F2WR508SBM,2099,1709988308586
altex-LG-F2WR508SBW,2149,1710002370263
altex-LG-F2WR508SBM,2099,1710002375100
altex-LG-F2WR508SBW,2149,1710016680103
altex-LG-F2WR508SBM,2099,1710016683882
altex-LG-F2WR508SBW,2149,1710045496160
altex-LG-F2WR508SBM,2099,1710045501903
altex-LG-F2WR508SBW,2149,1710059988889
altex-LG-F2WR508SBM,2099,1710059992700
altex-LG-F2WR508SBW,2149,1710074722516
altex-LG-F2WR508SBM,2099,1710074725298
altex-LG-F2WR508SBW,2149,1710088741517
altex-LG-F2WR508SBM,2099,1710088744817
altex-LG-F2WR508SBW,2149,1710103087339
altex-LG-F2WR508SBM,2099,1710103089045
altex-LG-F2WR508SBW,2149,1710131964689
altex-LG-F2WR508SBM,2099,1710131968590
altex-LG-F2WR508SBW,2149,1710146291882
altex-LG-F2WR508SBM,2099,1710146294399
altex-LG-F2WR508SBW,2149,1710161326305
altex-LG-F2WR508SBM,2099,1710161328425
altex-LG-F2WR508SBW,2149,1710175205176
altex-LG-F2WR508SBM,2099,1710175209288
altex-LG-F2WR508SBW,2149,1710189514837
altex-LG-F2WR508SBM,2099,1710189516666
altex-LG-F2WR508SBW,2149,1710218310968
altex-LG-F2WR508SBM,2099,1710218315073
altex-LG-F2WR508SBW,2149,1710232696498
altex-LG-F2WR508SBM,2099,1710232698202
altex-LG-F2WR508SBW,2149,1710247705058
altex-LG-F2WR508SBM,2099,1710247706806
altex-LG-F2WR508SBW,2149,1710261627440
altex-LG-F2WR508SBM,2099,1710261631185
altex-LG-F2WR508SBW,2149,1710275887023
altex-LG-F2WR508SBM,2099,1710275892441
altex-LG-F2WR508SBW,2149,1710304718093
altex-LG-F2WR508SBM,2099,1710304722318
altex-LG-F2WR508SBW,2149,1710319200315
altex-LG-F2WR508SBM,2099,1710319202822
altex-LG-F2WR508SBW,2149,1710334140646
altex-LG-F2WR508SBM,2099,1710334144486
altex-LG-F2WR508SBW,2149,1710347913832
altex-LG-F2WR508SBM,2099,1710347916817
altex-LG-F2WR508SBW,2149,1710362292462
altex-LG-F2WR508SBM,2099,1710362294854
altex-LG-F2WR508SBW,2149,1710391094177
altex-LG-F2WR508SBM,2099,1710391099801
altex-LG-F2WR508SBW,2149,1710405513525
altex-LG-F2WR508SBM,2099,1710405517002
altex-LG-F2WR508SBW,2149,1710420538711
altex-LG-F2WR508SBM,2099,1710420540551
altex-LG-F2WR508SBW,2149,1710434353171
altex-LG-F2WR508SBM,2099,1710434357657
altex-LG-F2WR508SBW,2149,1710448700702
altex-LG-F2WR508SBM,2099,1710448703408
altex-LG-F2WR508SBW,2149,1710477484795
altex-LG-F2WR508SBM,2099,1710477487300
altex-LG-F2WR508SBW,2149,1710491996652
altex-LG-F2WR508SBM,2099,1710491998358
altex-LG-F2WR508SBW,2149,1710506873158
altex-LG-F2WR508SBM,2099,1710506876969
altex-LG-F2WR508SBW,2149,1710520743194
altex-LG-F2WR508SBM,2099,1710520746528
altex-LG-F2WR508SBW,2149,1710535090952
altex-LG-F2WR508SBM,2099,1710535093340
altex-LG-F2WR508SBW,2149,1710563904947
altex-LG-F2WR508SBM,2099,1710563908108
altex-LG-F2WR508SBW,2149,1710578362894
altex-LG-F2WR508SBM,2099,1710578364900
altex-LG-F2WR508SBW,2149,1710593226883
altex-LG-F2WR508SBM,2099,1710593229835
altex-LG-F2WR508SBW,2149,1710607114389
altex-LG-F2WR508SBM,2099,1710607117642
altex-LG-F2WR508SBW,2149,1710621552762
altex-LG-F2WR508SBM,2099,1710621555561
altex-LG-F2WR508SBW,2149,1710650293061
altex-LG-F2WR508SBM,2099,1710650295573
altex-LG-F2WR508SBW,2149,1710664789474
altex-LG-F2WR508SBM,2099,1710664793300
altex-LG-F2WR508SBW,2149,1710679592418
altex-LG-F2WR508SBM,2099,1710679595359
altex-LG-F2WR508SBW,2149,1710693488913
altex-LG-F2WR508SBM,2099,1710693492699
altex-LG-F2WR508SBW,2149,1710707908497
altex-LG-F2WR508SBM,2099,1710707911685
altex-LG-F2WR508SBW,2149,1710736687042
altex-LG-F2WR508SBM,2099,1710736691591
altex-LG-F2WR508SBW,2149,1710751096800
altex-LG-F2WR508SBM,2099,1710751099480
altex-LG-F2WR508SBW,2149,1710766212276
altex-LG-F2WR508SBM,2099,1710766216426
altex-LG-F2WR508SBW,2149,1710780047052
altex-LG-F2WR508SBM,2099,1710780053591
altex-LG-F2WR508SBW,2149,1710794378951
altex-LG-F2WR508SBM,2099,1710794382377
altex-LG-F2WR508SBW,2149,1710823144965
altex-LG-F2WR508SBM,2099,1710823147308
altex-LG-F2WR508SBW,2149,1710837507982
altex-LG-F2WR508SBM,2099,1710837509852
altex-LG-F2WR508SBW,2149,1710852477111
altex-LG-F2WR508SBM,2099,1710852479021
altex-LG-F2WR508SBW,2149,1710866476809
altex-LG-F2WR508SBM,2099,1710866478743
altex-LG-F2WR508SBW,2149,1710880682071
altex-LG-F2WR508SBM,2099,1710880685768
altex-LG-F2WR508SBW,2149,1710909495461
altex-LG-F2WR508SBM,2099,1710909499525
altex-LG-F2WR508SBW,2149,1710923933700
altex-LG-F2WR508SBM,2099,1710923938968
altex-LG-F2WR508SBW,2149,1710938896010
altex-LG-F2WR508SBM,2099,1710938899042
altex-LG-F2WR508SBW,2149,1710952879691
altex-LG-F2WR508SBM,2099,1710952880912
altex-LG-F2WR508SBW,2149,1710967161525
altex-LG-F2WR508SBM,2099,1710967165611
altex-LG-F2WR508SBW,2149,1710995902789
altex-LG-F2WR508SBM,2099,1710995905820
altex-LG-F2WR508SBW,2149,1711010351509
altex-LG-F2WR508SBM,2099,1711010353137
altex-LG-F2WR508SBW,2149,1711025356442
altex-LG-F2WR508SBM,2099,1711025358576
altex-LG-F2WR508SBW,2149,1711039305174
altex-LG-F2WR508SBM,2099,1711039314743
altex-LG-F2WR508SBW,2149,1711053509362
altex-LG-F2WR508SBM,2099,1711053513290
altex-LG-F2WR508SBW,2149,1711082306966
altex-LG-F2WR508SBM,2099,1711082311145
altex-LG-F2WR508SBW,2149,1711096700673
altex-LG-F2WR508SBM,2099,1711096704054
altex-LG-F2WR508SBW,2149,1711111684866
altex-LG-F2WR508SBM,2099,1711111688879
altex-LG-F2WR508SBW,2149,1711125553291
altex-LG-F2WR508SBM,2099,1711125556200
altex-LG-F2WR508SBW,2149,1711139918848
altex-LG-F2WR508SBM,2099,1711139922328
altex-LG-F2WR508SBW,2149,1711168714222
altex-LG-F2WR508SBM,2099,1711168717751
altex-LG-F2WR508SBW,2149,1711183089127
altex-LG-F2WR508SBM,2099,1711183092736
altex-LG-F2WR508SBW,2149,1711198044118
altex-LG-F2WR508SBM,2099,1711198046346
altex-LG-F2WR508SBW,2149,1711211893409
altex-LG-F2WR508SBM,2099,1711211895190
altex-LG-F2WR508SBW,2149,1711226282852
altex-LG-F2WR508SBM,2099,1711226284564
altex-LG-F2WR508SBW,2149,1711255104925
altex-LG-F2WR508SBM,2099,1711255109667
altex-LG-F2WR508SBW,2149,1711269510166
altex-LG-F2WR508SBM,2099,1711269511959
altex-LG-F2WR508SBW,2149,1711284511949
altex-LG-F2WR508SBM,2099,1711284514148
altex-LG-F2WR508SBW,2149,1711298293853
altex-LG-F2WR508SBM,2099,1711298298623
altex-LG-F2WR508SBW,2149,1711312690852
altex-LG-F2WR508SBM,2099,1711312694505
altex-LG-F2WR508SBW,2149,1711341506846
altex-LG-F2WR508SBM,2099,1711341508756
altex-LG-F2WR508SBW,2149,1711355905741
altex-LG-F2WR508SBM,2099,1711355912016
altex-LG-F2WR508SBW,2149,1711370908550
altex-LG-F2WR508SBM,2099,1711370911688
altex-LG-F2WR508SBW,2149,1711384754773
altex-LG-F2WR508SBM,2099,1711384759356
altex-LG-F2WR508SBW,2149,1711399088586
altex-LG-F2WR508SBM,2099,1711399093498
altex-LG-F2WR508SBW,2149,1711427893058
altex-LG-F2WR508SBM,2099,1711427897676
altex-LG-F2WR508SBW,2149,1711442406797
altex-LG-F2WR508SBM,2099,1711442408934
altex-LG-F2WR508SBW,2149,1711457323831
altex-LG-F2WR508SBM,2099,1711457325821
altex-LG-F2WR508SBW,2149,1711471232214
altex-LG-F2WR508SBM,2099,1711471235783
altex-LG-F2WR508SBW,2149,1711485492943
altex-LG-F2WR508SBM,2099,1711485495449
altex-LG-F2WR508SBW,2149,1711514413312
altex-LG-F2WR508SBM,2099,1711514417020
altex-LG-F2WR508SBW,2149,1711528763835
altex-LG-F2WR508SBM,2099,1711528768750
altex-LG-F2WR508SBW,2149,1711543769455
altex-LG-F2WR508SBM,2099,1711543771175
altex-LG-F2WR508SBW,2149,1711557696201
altex-LG-F2WR508SBM,2099,1711557701456
altex-LG-F2WR508SBW,2149,1711571909711
altex-LG-F2WR508SBM,2099,1711571912642
altex-LG-F2WR508SBW,2149,1711600685314
altex-LG-F2WR508SBM,2099,1711600692479
altex-LG-F2WR508SBW,2149,1711615101889
altex-LG-F2WR508SBM,2099,1711615104222
altex-LG-F2WR508SBW,2149,1711630151258
altex-LG-F2WR508SBM,2099,1711630153269
altex-LG-F2WR508SBW,2149,1711643983052
altex-LG-F2WR508SBM,2099,1711643984911
altex-LG-F2WR508SBW,2149,1711658282122
altex-LG-F2WR508SBM,2099,1711658285261
altex-LG-F2WR508SBW,2149,1711687132871
altex-LG-F2WR508SBM,2099,1711687134766
altex-LG-F2WR508SBW,2149,1711701502480
altex-LG-F2WR508SBM,2099,1711701504907
altex-LG-F2WR508SBW,2149,1711716550252
altex-LG-F2WR508SBM,2099,1711716553017
altex-LG-F2WR508SBW,2149,1711730369965
altex-LG-F2WR508SBM,2099,1711730372090
altex-LG-F2WR508SBW,2149,1711744693429
altex-LG-F2WR508SBM,2099,1711744697761
altex-LG-F2WR508SBW,2149,1711773488916
altex-LG-F2WR508SBM,2099,1711773491981
altex-LG-F2WR508SBW,2149,1711787889506
altex-LG-F2WR508SBM,2099,1711787891770
altex-LG-F2WR508SBW,2149,1711802760347
altex-LG-F2WR508SBM,2099,1711802765179
altex-LG-F2WR508SBW,2149,1711816745226
altex-LG-F2WR508SBM,2099,1711816749386
altex-LG-F2WR508SBW,2149,1711831162888
altex-LG-F2WR508SBM,2099,1711831165115
altex-LG-F2WR508SBW,2149,1711859923251
altex-LG-F2WR508SBM,2099,1711859925980
altex-LG-F2WR508SBW,2149,1711874377887
altex-LG-F2WR508SBM,2099,1711874383608
altex-LG-F2WR508SBW,2149,1711889232122
altex-LG-F2WR508SBM,2099,1711889235332
altex-LG-F2WR508SBW,2149,1711903173465
altex-LG-F2WR508SBM,2099,1711903176645
altex-LG-F2WR508SBW,2149,1711917506261
altex-LG-F2WR508SBM,2099,1711917508204
altex-LG-F2WR508SBW,2149,1711946279968
altex-LG-F2WR508SBM,2099,1711946281935
altex-LG-F2WR508SBW,2149,1711960804965
altex-LG-F2WR508SBM,2099,1711960810110
altex-LG-F2WR508SBW,2149,1711975817984
altex-LG-F2WR508SBM,2099,1711975823358
altex-LG-F2WR508SBW,2149,1711989717915
altex-LG-F2WR508SBM,2099,1711989720110
altex-LG-F2WR508SBW,2149,1712003889181
altex-LG-F2WR508SBM,2099,1712003891074
altex-LG-F2WR508SBW,2149,1712032759642
altex-LG-F2WR508SBM,2099,1712032766891
altex-LG-F2WR508SBW,2149,1712047143422
altex-LG-F2WR508SBM,2099,1712047145578
altex-LG-F2WR508SBW,2149,1712062189461
altex-LG-F2WR508SBM,2099,1712062201468
altex-LG-F2WR508SBW,2149,1712076051400
altex-LG-F2WR508SBM,2099,1712076054679
altex-LG-F2WR508SBW,2149,1712090281503
altex-LG-F2WR508SBM,2099,1712090287270
altex-LG-F2WR508SBW,2149,1712119087205
altex-LG-F2WR508SBM,2099,1712119088924
altex-LG-F2WR508SBW,2149,1712133501151
altex-LG-F2WR508SBM,2099,1712133508565
altex-LG-F2WR508SBW,2149,1712148516180
altex-LG-F2WR508SBM,2099,1712148520403
altex-LG-F2WR508SBW,2149,1712162452406
altex-LG-F2WR508SBM,2099,1712162454187
altex-LG-F2WR508SBW,2149,1712176695419
altex-LG-F2WR508SBM,2099,1712176699387
altex-LG-F2WR508SBW,2149,1712205549766
altex-LG-F2WR508SBM,2099,1712205552347
altex-LG-F2WR508SBW,2149,1712219948560
altex-LG-F2WR508SBM,2099,1712219950535
altex-LG-F2WR508SBW,2149,1712234927986
altex-LG-F2WR508SBM,2099,1712234932163
altex-LG-F2WR508SBW,2149,1712248782552
altex-LG-F2WR508SBM,2099,1712248785144
altex-LG-F2WR508SBW,2149,1712263119295
altex-LG-F2WR508SBM,2099,1712263121965
altex-LG-F2WR508SBW,2149,1712292025661
altex-LG-F2WR508SBM,2099,1712292028707
altex-LG-F2WR508SBW,2149,1712321285910
altex-LG-F2WR508SBM,2099,1712321290562
altex-LG-F2WR508SBW,2149,1712335191182
altex-LG-F2WR508SBM,2099,1712335194230
altex-LG-F2WR508SBW,2149,1712349555053
altex-LG-F2WR508SBM,2099,1712349556879
altex-LG-F2WR508SBW,2149,1712378340956
altex-LG-F2WR508SBM,2099,1712378344897
altex-LG-F2WR508SBW,2149,1712392742156
altex-LG-F2WR508SBM,2099,1712392744732
altex-LG-F2WR508SBW,2149,1712407571537
altex-LG-F2WR508SBM,2099,1712407574315
altex-LG-F2WR508SBW,2149,1712421505821
altex-LG-F2WR508SBM,2099,1712421509678
altex-LG-F2WR508SBW,2149,1712435898658
altex-LG-F2WR508SBM,2099,1712435901915
altex-LG-F2WR508SBW,2149,1712464684220
altex-LG-F2WR508SBM,2099,1712464690143
altex-LG-F2WR508SBW,2149,1712479091997
altex-LG-F2WR508SBM,2099,1712479093653
altex-LG-F2WR508SBW,2149,1712494005263
altex-LG-F2WR508SBM,2099,1712494007414
altex-LG-F2WR508SBW,2149,1712507901443
altex-LG-F2WR508SBM,2099,1712507903851
altex-LG-F2WR508SBW,2149,1712522298027
altex-LG-F2WR508SBM,2099,1712522300247
altex-LG-F2WR508SBW,2149,1712551134748
altex-LG-F2WR508SBM,2099,1712551137699
altex-LG-F2WR508SBW,2149,1712565488439
altex-LG-F2WR508SBM,2099,1712565495844
altex-LG-F2WR508SBW,2149,1712580555580
altex-LG-F2WR508SBM,2099,1712580559914
altex-LG-F2WR508SBW,2149,1712594436393
altex-LG-F2WR508SBM,2099,1712594439488
altex-LG-F2WR508SBW,2149,1712608701663
altex-LG-F2WR508SBM,2099,1712608703854
altex-LG-F2WR508SBW,2149,1712637512526
altex-LG-F2WR508SBM,2099,1712637515035
altex-LG-F2WR508SBW,2149,1712651892995
altex-LG-F2WR508SBM,2099,1712651897338
altex-LG-F2WR508SBW,2149,1712666941620
altex-LG-F2WR508SBM,2099,1712666946201
altex-LG-F2WR508SBW,2149,1712680804866
altex-LG-F2WR508SBM,2099,1712680807041
altex-LG-F2WR508SBW,2149,1712695102851
altex-LG-F2WR508SBM,2099,1712695107013
altex-LG-F2WR508SBW,2149,1712723890589
altex-LG-F2WR508SBM,2099,1712723892499
altex-LG-F2WR508SBW,2149,1712738391733
altex-LG-F2WR508SBM,2099,1712738395726
altex-LG-F2WR508SBW,2149,1712753366078
altex-LG-F2WR508SBM,2099,1712753368555
altex-LG-F2WR508SBW,2149,1712767321308
altex-LG-F2WR508SBM,2099,1712767327762
altex-LG-F2WR508SBW,2149,1712781592266
altex-LG-F2WR508SBM,2099,1712781596674
altex-LG-F2WR508SBW,2149,1712810370703
altex-LG-F2WR508SBM,2099,1712810373836
altex-LG-F2WR508SBW,2149,1712824828313
altex-LG-F2WR508SBM,2099,1712824833585
altex-LG-F2WR508SBW,2149,1712839766693
altex-LG-F2WR508SBM,2099,1712839768760
altex-LG-F2WR508SBW,2149,1712867944884
altex-LG-F2WR508SBM,2099,1712867951680
altex-LG-F2WR508SBW,2149,1712896752552
altex-LG-F2WR508SBM,2099,1712896756331
altex-LG-F2WR508SBW,2149,1712911196774
altex-LG-F2WR508SBM,2099,1712911201975
altex-LG-F2WR508SBW,2149,1712926124626
altex-LG-F2WR508SBM,2099,1712926126663
altex-LG-F2WR508SBW,2149,1712939906822
altex-LG-F2WR508SBM,2099,1712939910580
altex-LG-F2WR508SBW,2149,1712954305702
altex-LG-F2WR508SBM,2099,1712954311849
altex-LG-F2WR508SBW,2149,1712983089331
altex-LG-F2WR508SBM,2099,1712983093760
altex-LG-F2WR508SBW,2149,1712997478313
altex-LG-F2WR508SBM,2099,1712997480967
altex-LG-F2WR508SBW,2149,1713012192215
altex-LG-F2WR508SBM,2099,1713012194498
altex-LG-F2WR508SBW,2149,1713026281307
altex-LG-F2WR508SBM,2099,1713026282596
altex-LG-F2WR508SBW,2149,1713040681484
altex-LG-F2WR508SBM,2099,1713040685580
altex-LG-F2WR508SBW,2149,1713070817874
altex-LG-F2WR508SBM,2099,1713070820704
altex-LG-F2WR508SBW,2149,1713092961312
altex-LG-F2WR508SBM,2099,1713092964844
altex-LG-F2WR508SBW,2149,1713106489036
altex-LG-F2WR508SBM,2099,1713106497234
altex-LG-F2WR508SBW,2149,1713134443908
altex-LG-F2WR508SBM,2099,1713134446067
altex-LG-F2WR508SBW,2149,1713156125024
altex-LG-F2WR508SBM,2099,1713156127050
altex-LG-F2WR508SBW,2149,1713170307156
altex-LG-F2WR508SBM,2099,1713170312867
altex-LG-F2WR508SBW,2149,1713185138176
altex-LG-F2WR508SBM,2099,1713185140190
altex-LG-F2WR508SBW,2149,1713199092036
altex-LG-F2WR508SBM,2099,1713199100357
altex-LG-F2WR508SBW,2149,1713213499725
altex-LG-F2WR508SBM,2099,1713213502919
altex-LG-F2WR508SBW,2149,1713242317307
altex-LG-F2WR508SBM,2099,1713242320421
altex-LG-F2WR508SBW,2149,1713256713764
altex-LG-F2WR508SBM,2099,1713256715604
altex-LG-F2WR508SBW,2149,1713271781360
altex-LG-F2WR508SBM,2099,1713271785620
altex-LG-F2WR508SBW,2149,1713285494698
altex-LG-F2WR508SBM,2099,1713285498103
altex-LG-F2WR508SBW,2149,1713299893838
altex-LG-F2WR508SBM,2099,1713299899560
altex-LG-F2WR508SBW,2149,1713328689364
altex-LG-F2WR508SBM,2099,1713328693538
altex-LG-F2WR508SBW,2149,1713343091063
altex-LG-F2WR508SBM,2099,1713343093129
altex-LG-F2WR508SBW,2149,1713358190785
altex-LG-F2WR508SBM,2099,1713358197934
altex-LG-F2WR508SBW,2149,1713372080448
altex-LG-F2WR508SBM,2099,1713372086645
altex-LG-F2WR508SBW,2149,1713386333877
altex-LG-F2WR508SBM,2099,1713386336291
altex-LG-F2WR508SBW,2149,1713429523288
altex-LG-F2WR508SBM,2099,1713429526571
altex-LG-F2WR508SBW,2149,1713444546257
altex-LG-F2WR508SBM,2099,1713444550086
altex-LG-F2WR508SBW,2149,1713458379594
altex-LG-F2WR508SBM,2099,1713458381976
altex-LG-F2WR508SBW,2149,1713472737027
altex-LG-F2WR508SBM,2099,1713472741185
altex-LG-F2WR508SBW,2149,1713501493739
altex-LG-F2WR508SBM,2099,1713501496657
altex-LG-F2WR508SBW,2149,1713515918363
altex-LG-F2WR508SBM,2099,1713515923697
altex-LG-F2WR508SBW,2149,1713530932174
altex-LG-F2WR508SBM,2099,1713530935443
altex-LG-F2WR508SBW,2149,1713544834860
altex-LG-F2WR508SBM,2099,1713544838992
altex-LG-F2WR508SBW,2149,1713559093134
altex-LG-F2WR508SBM,2099,1713559095595
altex-LG-F2WR508SBW,2149,1713587916962
altex-LG-F2WR508SBM,2099,1713587926360
altex-LG-F2WR508SBW,2149,1713602305073
altex-LG-F2WR508SBM,2099,1713602313717
altex-LG-F2WR508SBW,2149,1713617233205
altex-LG-F2WR508SBM,2099,1713617236925
altex-LG-F2WR508SBW,2149,1713631129392
altex-LG-F2WR508SBM,2099,1713631132376
altex-LG-F2WR508SBW,2149,1713645491784
altex-LG-F2WR508SBM,2099,1713645494445
altex-LG-F2WR508SBW,2149,1713674348139
altex-LG-F2WR508SBM,2099,1713674352894
altex-LG-F2WR508SBW,2149,1713688742385
altex-LG-F2WR508SBM,2099,1713688744908
altex-LG-F2WR508SBW,2149,1713703677277
altex-LG-F2WR508SBM,2099,1713703679101
altex-LG-F2WR508SBW,2149,1713717520881
altex-LG-F2WR508SBM,2099,1713717524250
altex-LG-F2WR508SBW,2149,1713731915871
altex-LG-F2WR508SBM,2099,1713731920187
altex-LG-F2WR508SBW,2149,1713760687633
altex-LG-F2WR508SBM,2099,1713760690384
altex-LG-F2WR508SBW,2149,1713775178731
altex-LG-F2WR508SBM,2099,1713775181787
altex-LG-F2WR508SBW,2149,1713790247723
altex-LG-F2WR508SBM,2099,1713790249143
altex-LG-F2WR508SBW,2149,1713803997349
altex-LG-F2WR508SBM,2099,1713804001291
altex-LG-F2WR508SBW,2149,1713818293493
altex-LG-F2WR508SBM,2099,1713818296335
altex-LG-F2WR508SBW,2149,1713847095928
altex-LG-F2WR508SBM,2099,1713847100914
altex-LG-F2WR508SBW,2149,1713861513024
altex-LG-F2WR508SBM,2099,1713861517486
altex-LG-F2WR508SBW,2149,1713876630612
altex-LG-F2WR508SBM,2099,1713876633505
altex-LG-F2WR508SBW,2149,1713890410807
altex-LG-F2WR508SBM,2099,1713890413756
altex-LG-F2WR508SBW,2149,1713904751791
altex-LG-F2WR508SBM,2099,1713904756641
altex-LG-F2WR508SBW,2149,1713933488065
altex-LG-F2WR508SBM,2099,1713933490564
altex-LG-F2WR508SBW,2149,1713948017046
altex-LG-F2WR508SBM,2099,1713948021183
altex-LG-F2WR508SBW,2149,1713963425796
altex-LG-F2WR508SBM,2099,1713963431156
altex-LG-F2WR508SBW,2149,1713976783220
altex-LG-F2WR508SBM,2099,1713976786730
altex-LG-F2WR508SBW,2149,1713991141255
altex-LG-F2WR508SBM,2099,1713991145814
altex-LG-F2WR508SBW,2149,1714019907330
altex-LG-F2WR508SBM,2099,1714019914842
altex-LG-F2WR508SBW,2149,1714034371353
altex-LG-F2WR508SBM,2099,1714034380431
altex-LG-F2WR508SBW,2149,1714048989300
altex-LG-F2WR508SBM,2099,1714048992366
altex-LG-F2WR508SBW,2149,1714063159583
altex-LG-F2WR508SBM,2099,1714063161601
altex-LG-F2WR508SBW,2149,1714077538037
altex-LG-F2WR508SBM,2099,1714077539825
altex-LG-F2WR508SBW,2149,1714106297916
altex-LG-F2WR508SBM,2099,1714106302474
altex-LG-F2WR508SBW,2149,1714120762690
altex-LG-F2WR508SBM,2099,1714120766561
altex-LG-F2WR508SBW,2149,1714135770348
altex-LG-F2WR508SBM,2099,1714135774445
altex-LG-F2WR508SBW,2149,1714149597675
altex-LG-F2WR508SBM,2099,1714149600488
altex-LG-F2WR508SBW,2149,1714163969448
altex-LG-F2WR508SBM,2099,1714163973663
altex-LG-F2WR508SBW,2149,1714192711766
altex-LG-F2WR508SBM,2099,1714192720580
altex-LG-F2WR508SBW,2149,1714207085753
altex-LG-F2WR508SBM,2099,1714207088917
altex-LG-F2WR508SBW,2149,1714222004404
altex-LG-F2WR508SBM,2099,1714222007777
altex-LG-F2WR508SBW,2149,1714235889360
altex-LG-F2WR508SBM,2099,1714235891803
altex-LG-F2WR508SBW,2149,1714250285076
altex-LG-F2WR508SBM,2099,1714250287198
altex-LG-F2WR508SBW,2149,1714279120906
altex-LG-F2WR508SBM,2099,1714279124057
altex-LG-F2WR508SBW,2149,1714293507340
altex-LG-F2WR508SBM,2099,1714293513234
altex-LG-F2WR508SBW,2149,1714308525378
altex-LG-F2WR508SBM,2099,1714308532443
altex-LG-F2WR508SBW,2149,1714322303303
altex-LG-F2WR508SBM,2099,1714322305200
altex-LG-F2WR508SBW,2149,1714336685535
altex-LG-F2WR508SBM,2099,1714336690057
altex-LG-F2WR508SBW,2149,1714365486665
altex-LG-F2WR508SBM,2099,1714365489003
altex-LG-F2WR508SBW,2149,1714380102366
altex-LG-F2WR508SBM,2099,1714380107927
altex-LG-F2WR508SBW,2149,1714395046647
altex-LG-F2WR508SBM,2099,1714395048658
altex-LG-F2WR508SBW,2149,1714408779226
altex-LG-F2WR508SBM,2099,1714408781087
altex-LG-F2WR508SBW,2149,1714423117313
altex-LG-F2WR508SBM,2099,1714423123604
altex-LG-F2WR508SBW,2149,1714451903766
altex-LG-F2WR508SBM,2099,1714451907329
altex-LG-F2WR508SBW,2149,1714466376497
altex-LG-F2WR508SBM,2099,1714466381634
altex-LG-F2WR508SBW,2149,1714481430228
altex-LG-F2WR508SBM,2099,1714481433292
altex-LG-F2WR508SBW,2149,1714495236364
altex-LG-F2WR508SBM,2099,1714495241932
altex-LG-F2WR508SBW,2149,1714509537093
altex-LG-F2WR508SBM,2099,1714509542636
altex-LG-F2WR508SBW,2149,1714538298119
altex-LG-F2WR508SBM,2099,1714538301623
altex-LG-F2WR508SBW,2149,1714552981526
altex-LG-F2WR508SBM,2099,1714552983790
altex-LG-F2WR508SBW,2149,1714567855403
altex-LG-F2WR508SBM,2099,1714567859631
altex-LG-F2WR508SBW,2149,1714581569011
altex-LG-F2WR508SBM,2099,1714581572931
altex-LG-F2WR508SBW,2149,1714595887777
altex-LG-F2WR508SBM,2099,1714595890390
altex-LG-F2WR508SBW,1849,1714624770167
altex-LG-F2WR508SBM,2099,1714624776418
altex-LG-F2WR508SBW,1849,1714639122522
altex-LG-F2WR508SBM,2099,1714639124811
altex-LG-F2WR508SBW,1849,1714654284045
altex-LG-F2WR508SBM,2099,1714654285388
altex-LG-F2WR508SBW,1849,1714667991821
altex-LG-F2WR508SBM,2099,1714667993194
altex-LG-F2WR508SBW,1849,1714682378648
altex-LG-F2WR508SBM,2099,1714682381763
altex-LG-F2WR508SBW,1849,1714711167116
altex-LG-F2WR508SBM,2099,1714711169930
altex-LG-F2WR508SBW,1849,1714725500020
altex-LG-F2WR508SBM,2099,1714725502004
altex-LG-F2WR508SBW,1849,1714740579219
altex-LG-F2WR508SBM,2099,1714740585148
altex-LG-F2WR508SBW,1849,1714754408020
altex-LG-F2WR508SBM,2099,1714754411112
altex-LG-F2WR508SBW,1849,1714768708124
altex-LG-F2WR508SBM,2099,1714768712985
altex-LG-F2WR508SBW,1849,1714797505031
altex-LG-F2WR508SBM,2099,1714797510823
altex-LG-F2WR508SBW,1849,1714811904619
altex-LG-F2WR508SBM,2099,1714811910372
altex-LG-F2WR508SBW,1849,1714826887114
altex-LG-F2WR508SBM,2099,1714826891351
altex-LG-F2WR508SBW,1849,1714840705505
altex-LG-F2WR508SBM,2099,1714840709072
altex-LG-F2WR508SBW,1849,1714855099877
altex-LG-F2WR508SBM,2099,1714855104749
altex-LG-F2WR508SBW,1849,1714883908783
altex-LG-F2WR508SBM,2099,1714883918489
altex-LG-F2WR508SBW,1849,1714898359623
altex-LG-F2WR508SBM,2099,1714898365702
altex-LG-F2WR508SBW,1849,1714913322906
altex-LG-F2WR508SBM,2099,1714913327339
altex-LG-F2WR508SBW,1849,1714927150551
altex-LG-F2WR508SBM,2099,1714927152768
altex-LG-F2WR508SBW,1849,1714941483261
altex-LG-F2WR508SBM,2099,1714941486927
altex-LG-F2WR508SBW,1849,1714970317597
altex-LG-F2WR508SBM,2099,1714970319488
altex-LG-F2WR508SBW,1849,1714984787796
altex-LG-F2WR508SBM,2099,1714984790126
altex-LG-F2WR508SBW,1849,1714999884182
altex-LG-F2WR508SBM,2099,1714999886778
altex-LG-F2WR508SBW,1849,1715013706256
altex-LG-F2WR508SBM,2099,1715013712274
altex-LG-F2WR508SBW,1849,1715027889822
altex-LG-F2WR508SBM,2099,1715027895546
altex-LG-F2WR508SBW,1849,1715056702064
altex-LG-F2WR508SBM,2099,1715056703390
altex-LG-F2WR508SBW,1849,1715071165071
altex-LG-F2WR508SBM,2099,1715071169539
altex-LG-F2WR508SBW,1849,1715086184377
altex-LG-F2WR508SBM,2199,1715086186670
altex-LG-F2WR508SBW,1849,1715100027973
altex-LG-F2WR508SBM,2199,1715100030065
altex-LG-F2WR508SBW,1849,1715114334817
altex-LG-F2WR508SBM,2199,1715114337308
altex-LG-F2WR508SBW,1849,1715143093777
altex-LG-F2WR508SBM,2199,1715143096401
altex-LG-F2WR508SBW,1849,1715157565269
altex-LG-F2WR508SBM,2199,1715157572309
altex-LG-F2WR508SBW,1849,1715172812242
altex-LG-F2WR508SBM,2199,1715172818080
altex-LG-F2WR508SBW,1849,1715186552085
altex-LG-F2WR508SBM,2199,1715186554558
altex-LG-F2WR508SBW,1849,1715200679830
altex-LG-F2WR508SBM,2199,1715200682643
altex-LG-F2WR508SBW,2149,1715229606285
altex-LG-F2WR508SBM,2199,1715229610967
altex-LG-F2WR508SBW,2149,1715244076603
altex-LG-F2WR508SBM,2199,1715244078847
altex-LG-F2WR508SBW,2149,1715259033357
altex-LG-F2WR508SBM,2199,1715259036076
altex-LG-F2WR508SBW,2149,1715273030789
altex-LG-F2WR508SBM,2199,1715273033503
altex-LG-F2WR508SBW,2149,1715287151760
altex-LG-F2WR508SBM,2199,1715287156150
altex-LG-F2WR508SBW,2149,1715315892279
altex-LG-F2WR508SBM,2199,1715315895790
altex-LG-F2WR508SBW,2149,1715330315143
altex-LG-F2WR508SBM,2199,1715330318954
altex-LG-F2WR508SBW,2149,1715345515915
altex-LG-F2WR508SBM,2199,1715345518055
altex-LG-F2WR508SBW,2149,1715359215739
altex-LG-F2WR508SBM,2199,1715359219100
altex-LG-F2WR508SBW,2149,1715373495652
altex-LG-F2WR508SBM,2199,1715373502500
altex-LG-F2WR508SBW,2149,1715402307206
altex-LG-F2WR508SBM,2199,1715402311197
altex-LG-F2WR508SBW,2149,1715416709178
altex-LG-F2WR508SBM,2199,1715416712053
altex-LG-F2WR508SBW,2149,1715431710857
altex-LG-F2WR508SBM,2199,1715431713120
altex-LG-F2WR508SBW,2149,1715445497490
altex-LG-F2WR508SBM,2199,1715445500599
altex-LG-F2WR508SBW,2149,1715459898562
altex-LG-F2WR508SBM,2199,1715459901028
altex-LG-F2WR508SBW,2149,1715488753909
altex-LG-F2WR508SBM,2199,1715488756166
altex-LG-F2WR508SBW,2149,1715503103667
altex-LG-F2WR508SBM,2199,1715503105942
altex-LG-F2WR508SBW,2149,1715518186891
altex-LG-F2WR508SBM,2199,1715518191249
altex-LG-F2WR508SBW,2149,1715531933319
altex-LG-F2WR508SBM,2199,1715531935786
altex-LG-F2WR508SBW,2149,1715546333087
altex-LG-F2WR508SBM,2199,1715546335361
altex-LG-F2WR508SBW,2149,1715575158458
altex-LG-F2WR508SBM,2199,1715575161114
altex-LG-F2WR508SBW,2149,1715589586396
altex-LG-F2WR508SBM,2199,1715589588126
altex-LG-F2WR508SBW,2149,1715604740822
altex-LG-F2WR508SBM,2199,1715604745198
altex-LG-F2WR508SBW,2149,1715618464337
altex-LG-F2WR508SBM,2199,1715618466208
altex-LG-F2WR508SBW,2149,1715632748338
altex-LG-F2WR508SBM,2199,1715632752767
altex-LG-F2WR508SBW,2149,1715661482414
altex-LG-F2WR508SBM,2199,1715661487271
altex-LG-F2WR508SBW,2149,1715676014212
altex-LG-F2WR508SBM,2199,1715676016149
altex-LG-F2WR508SBW,2149,1715691146222
altex-LG-F2WR508SBM,2199,1715691150464
altex-LG-F2WR508SBW,2149,1715704924348
altex-LG-F2WR508SBM,2199,1715704926004
altex-LG-F2WR508SBW,2149,1715719095699
altex-LG-F2WR508SBM,2199,1715719097457
altex-LG-F2WR508SBW,2149,1715747951983
altex-LG-F2WR508SBM,2199,1715747956563
altex-LG-F2WR508SBW,2149,1715762382859
altex-LG-F2WR508SBM,2199,1715762386502
altex-LG-F2WR508SBW,2149,1715777566310
altex-LG-F2WR508SBM,2199,1715777569688
altex-LG-F2WR508SBW,2149,1715791249610
altex-LG-F2WR508SBM,2199,1715791252093
altex-LG-F2WR508SBW,2149,1715805531310
altex-LG-F2WR508SBM,2199,1715805534413
altex-LG-F2WR508SBW,2149,1715834300507
altex-LG-F2WR508SBM,2199,1715834304289
altex-LG-F2WR508SBW,2149,1715848794678
altex-LG-F2WR508SBM,2199,1715848797799
altex-LG-F2WR508SBW,2149,1715863959565
altex-LG-F2WR508SBM,2199,1715863962347
altex-LG-F2WR508SBW,2149,1715877614703
altex-LG-F2WR508SBM,2199,1715877617929
altex-LG-F2WR508SBW,2149,1715891886500
altex-LG-F2WR508SBM,2199,1715891890816
altex-LG-F2WR508SBW,2149,1715920718356
altex-LG-F2WR508SBM,2199,1715920722118
altex-LG-F2WR508SBW,2149,1715935139184
altex-LG-F2WR508SBM,2199,1715935142886
altex-LG-F2WR508SBW,2149,1715950289931
altex-LG-F2WR508SBM,2199,1715950294152
